<!--                                                                                                                 -->

  { 
    db: {
      animations: [ 
        {
          id : "walk_human",
          src: "path/to/walk_human.md5anim"
        }
      ],
      models: [
        {
          id: "human"
          animations: [
            { 
              id: "walk",
              ref: "walk_human"
            }
          ]
        }
      ],
      forces 
    }
  }

<!--                                                                                                                 -->

  <!-- loaded on before scene - constructed from all the files in the /data folder -->
  <game>
    <objects>
      <object id="human">
        <animations>  
          <animation id="walk"   src="path/to/walk_human.md5anim" />
          <animation id="run"    src="path/to/run_human.md5anim" />
          <animation id="attack" src="path/to/attack_human.md5anim" />
        <animations>
      </object>
    </objects>
    <forces>
      <force id="force" />
      <force id="gravity" ref="force" />
    </forces>
    <lights>
      <light id="spot" />
      <light id="point" />
      <light id="directional" />
    </lights>
  </game>

  <scene id="l01" ref="base">
    <!-- loaded when a level is loaded - these will get unloaded when level ends/is switched -->
    <cameras>
      <camera type="free"   projection="perspective"  position="0.3 10.3 0.12" direction="0 0 1"/>
      <camera type="target" projection="orthographic" target="10.2 3.2 22.1"/>
    </cameras>
    
    <entities>
      <entity id="e01" type="object">
        <object lod="0" src="/path/to/something.md5mesh">
          <mesh id="m00"> <!-- will override stuff from "something.md5mesh" -->
            <material>
              <channels>
                <channel type="diffuse" color="" texture="/path/to/texture.dds"/>
              </channels>
            </material>
          </mesh>
          <mesh id="m01" model="/path/to/something-else.md5mesh">
            <!-- something else -->
          </mesh>
        </object>
      </entity>
      
      <entity id="e02" ref="e01" type="object">
        <links>
          <link id="l01" to="e03" transform="position|rotation"/> <!-- for bidirectional, insert link into e03 -->
        </links>
      </entity>
      
      <entity id="e03" type="sfx" position="" orientation="" scale="">
        <sfx type="custom" src="/path/to/shader.xml"> 
          <!-- logic config tags here -->
        </sfx>
      </entity>
    </entities>
    
    <objects>
      <object id="zombie" ref="human" src="/path/to/zombie.md5mesh">
        <animations>  
          <animation id="walk" ref="walk" src="path/to/walk_zombie.md5anim"/>
        </animations>
      </object>

      <object id="peasant" ref="human" src="/path/to/peasant.md5mesh">
        <animations>  
          <animation id="walk" ref="walk" src="path/to/walk_zombie.md5anim" />
        </animations>
      </object>
      
      <object id="knight" ref="human" src="/path/to/knight.md5mesh">
        <animations>  
          <animation id="walk" ref="walk" src="path/to/walk_knight.md5anim" />
        </animations>
      </object>
      
      <object id="hellknight" ref="knight">
        <materials>
          <material name="torso_hellknight">
            <channels>
              <channel name="diffuse">
                <color value="0.1 0.2 0.3 0.2"/>
                <texture src="/path/to/texture.dds"/>
              </channel>
            </channels>
          </material>
        </materials>
      </object>
    </objects>
    
    <controllers>
      
    </controllers>

    <forces>
      <force id="gravity01" ref="gravity" min="1.0 2.5 2.3" max="4.3 5.6 4.6" magnitude="9.81" direction="0 -1 0"/>
      <force id="wind01"    ref="gravity" min="1.0 2.5 2.3" max="1.3 2.6 2.6" magnitude="9.81" direction="0 -1 0"/>
    </forces>
    
    <events>
      <event id="" min="" max=""/>
    </events>
  </scene>
  
  <!-- what about a <scene> without unnecessary plurals -->
  
  <scene>
    <camera id="c01">
      <link id="l01" to="e01" transform="rotation"/> <!-- mouse rotates camera - camera rotates entity -->
    </camera>
    
    <entity type="object" id="e01" name="Big Wall Fan">
      <link id="l02" to="f02" transform="position"/> <!-- when "Big Wall Fan" so does "Wind" -->
    </entity>
    
    <entity type="object" id="e02">
      <link id="l03" to="c01" transform="position"/> <!-- keyboard moves entity - entity moves camera -->
      <object id="o01" src="/path/to/human.md5mesh"/>
    </entity>
    
    <entity type="object" id="e03">
      <object id="o02" lod="0" src="/path/to/human.md5mesh">
        <mesh>
          <material type="standard">
            <channel type="diffuse" color="0 0.3 1" />
            <channel type="specular" texture="/path/to/texture" power="32" />
          </material>
        </mesh>
      </object>
    </entity>
    
    <entity type="effect" id="e04" name="Wind Sprites">
      <effect shader="/path/to/some/shader.xml" />
    </entity>
    
    <event id="e08">
    
    </event>
    
    <force id="f01" name="Gravity" ref="gravity" min="1.0 2.5 2.3" max="4.3 5.6 4.6" magnitude="9.81" direction="0 -1 0"/>
    
    <force id="f02" name="Wind" ref="gravity" min="1.0 2.5 2.3" max="1.3 2.6 2.6" magnitude="1.81" direction="0 0 1"/>
    
    <controller type="switch" name="Big Wall Fan Controller">
    
    </controller>
  </scene>




























