
<scene>
  <node:scene>    // scene level node, scene can hold only this type of nodes
    <node:model/> // one of the nodes under the scene node
  </node:scene>
  

  <node:scene name="table" matrix="position rotation scaling"> // table (like a kitchen table)
    <node:model>
      <model file="path/to/table.model"/>
    </node:model>
  </node:scene>
  
  <node:scene>                                  // candle + flame + light
    <node:model model="path/to/candle.model">
      
    </node:model>
    <node:light id="light-node">
      <light id="light">...</light>
    </node:light>
    
    <node:effect />
  </node:scene>
  
  <node:scene>      // soldier + sword
    <node:model matrix="translate rotate scale">
      <model file="path/to/soldier.model">
        <skeleton />
        <material />
      </model>
    </node:model>
    
    <node:anims>
      <animation/>
    </node:anims>
  </node:scene>
  
  <node:scene>
    <node:lods>
      <lod level=0>
        <node:model />
        <node:anims />
      </lod>
    </node:lods>
  </node:scene>

</scene>