
<root>
  <data>
    <!-- references - for clonning -->
  </data>
  <game>
    <node type="model" uid="m02">
      <!-- holds lod + meshes + materials + rigging/skeleton/joints + animations + physical properties -->
      <!-- -->
    </node> <!-- node:model -->
    
    <node type="force" uid="f01" />
    
    <node type="light" />
    
    <node type="camera" uid="c05" />
    
    <node type="effect"  />
    
    <node type="trigger"  />
    
    <node type="entity">
      <!-- controller - not renderable abstract node - used to link/group other nodes -->
      <node type="hierarchy">
        <node name="root">
          <item uid="#m02"/>
          <item uid="#f01"/>
          <node name="hand_l">
            <item uid="#e04"/>
          </node>
        </node>
      </node>
    </node>
  </game>
</root>

<!--  -->