<?xml version="1.0" encoding="UTF-8"?>
<program version="420" core="1">
  <tags>
    <tag name="DEBUG"/>
    <tag name="NORMALS"/>
  </tags>
  <shaders>
    <shader type="vertex">
      <source type="file">
        <file src="debug/normals.vs.glsl" />
      </source>
    </shader>
    <shader type="geometry">
      <source type="file">
        <file src="debug/normals.gs.glsl" />
      </source>
    </shader>
    <shader type="fragment">
      <source type="file">
        <file src="debug/normals.fs.glsl" />
      </source>
    </shader>
  </shaders>
</program>
