<?xml version="1.0" encoding="UTF-8"?>
<program version="420" core="1">
  <tags>
    <tag name="OUTPUT"/>
    <tag name="DEFERRED"/>
    <tag name="TEXTURE"/>
  </tags>
  <shaders>
    <shader type="vertex">
      <source type="file">
        <file src="output/deferred.texture.vs.glsl" />
      </source>
    </shader>
    <shader type="fragment">
      <source type="file">
        <file src="output/deferred.texture.fs.glsl" />
      </source>
    </shader>
  </shaders>
</program>
